{
  "type": "Compass Connections",
  "version": {
    "$numberInt": "1"
  },
  "connections": [
    {
      "id": "1c70d255-ba53-48a4-8d71-de16dd1e0655",
      "lastUsed": {
        "$date": {
          "$numberLong": "1758801437279"
        }
      },
      "favorite": {
        "name": "lcasih_db"
      },
      "savedConnectionType": "recent",
      "connectionOptions": {
        "connectionString": "mongodb://localhost:27017/",
        "oidc": {
          "serializedState": "eyJvaWRjUGx1Z2luU3RhdGVWZXJzaW9uIjoxLCJzdGF0ZSI6W119"
        }
      }
    }
  ]
}