[{
  "_id": {
    "$oid": "68d58c83f3bd2cb1675904f4"
  },
  "user_email": "sih@gmail.com",
  "username": "sih",
  "form_data": {
    "productType": "pipe",
    "units": "10",
    "route": "recycle",
    "bauxiteGrade": "",
    "energySource": "renewable",
    "endOfLife": "recycle",
    "outerRadius": "10",
    "innerRadius": "5",
    "lengthPipe": "10",
    "thickness": "",
    "width": "",
    "lengthSheet": "",
    "timestamp": "2025-09-25T18:40:03.078Z"
  },
  "submitted_at": {
    "$date": "2025-09-25T18:40:03.084Z"
  }
},
{
  "_id": {
    "$oid": "68d58cb2f3bd2cb1675904f5"
  },
  "user_email": "sih@gmail.com",
  "username": "sih",
  "form_data": {
    "productType": "sheet",
    "units": "20",
    "route": "conventional",
    "bauxiteGrade": "high",
    "energySource": "renewable",
    "endOfLife": "landfill",
    "outerRadius": "",
    "innerRadius": "",
    "lengthPipe": "",
    "thickness": "20",
    "width": "20",
    "lengthSheet": "10",
    "timestamp": "2025-09-25T18:40:50.968Z"
  },
  "submitted_at": {
    "$date": "2025-09-25T18:40:50.973Z"
  }
},
{
  "_id": {
    "$oid": "68d6177d5351c9bdbece833c"
  },
  "user_email": "sih@gmail.com",
  "username": "sih",
  "form_data": {
    "productType": "sheet",
    "units": "8",
    "route": "recycle",
    "bauxiteGrade": "",
    "energySource": "nonRenewable",
    "endOfLife": "reuse",
    "outerRadius": "",
    "innerRadius": "",
    "lengthPipe": "",
    "thickness": "20",
    "width": "40",
    "lengthSheet": "30",
    "timestamp": "2025-09-26T04:33:01.356Z"
  },
  "submitted_at": {
    "$date": "2025-09-26T04:33:01.362Z"
  }
}]